--
-- PostgreSQL database dump
--

\restrict qCSPd5OwELnfQ9CnxhmhlheBnPso7NESjAvS3p19a9hLwEjZ9sp1Vu5bhsUdmP7

-- Dumped from database version 18.0
-- Dumped by pg_dump version 18.0

-- Started on 2025-11-06 22:57:32

SET statement_timeout = 0;
SET lock_timeout = 0;
SET idle_in_transaction_session_timeout = 0;
SET transaction_timeout = 0;
SET client_encoding = 'UTF8';
SET standard_conforming_strings = on;
SELECT pg_catalog.set_config('search_path', '', false);
SET check_function_bodies = false;
SET xmloption = content;
SET client_min_messages = warning;
SET row_security = off;

SET default_tablespace = '';

SET default_table_access_method = heap;

--
-- TOC entry 219 (class 1259 OID 16391)
-- Name: account_emailaddress; Type: TABLE; Schema: public; Owner: postgres
--

CREATE TABLE public.account_emailaddress (
    id integer NOT NULL,
    email character varying(254) NOT NULL,
    verified boolean NOT NULL,
    "primary" boolean NOT NULL,
    user_id bigint NOT NULL
);


ALTER TABLE public.account_emailaddress OWNER TO postgres;

--
-- TOC entry 220 (class 1259 OID 16399)
-- Name: account_emailaddress_id_seq; Type: SEQUENCE; Schema: public; Owner: postgres
--

ALTER TABLE public.account_emailaddress ALTER COLUMN id ADD GENERATED BY DEFAULT AS IDENTITY (
    SEQUENCE NAME public.account_emailaddress_id_seq
    START WITH 1
    INCREMENT BY 1
    NO MINVALUE
    NO MAXVALUE
    CACHE 1
);


--
-- TOC entry 221 (class 1259 OID 16400)
-- Name: account_emailconfirmation; Type: TABLE; Schema: public; Owner: postgres
--

CREATE TABLE public.account_emailconfirmation (
    id integer NOT NULL,
    created timestamp with time zone NOT NULL,
    sent timestamp with time zone,
    key character varying(64) NOT NULL,
    email_address_id integer NOT NULL
);


ALTER TABLE public.account_emailconfirmation OWNER TO postgres;

--
-- TOC entry 222 (class 1259 OID 16407)
-- Name: account_emailconfirmation_id_seq; Type: SEQUENCE; Schema: public; Owner: postgres
--

ALTER TABLE public.account_emailconfirmation ALTER COLUMN id ADD GENERATED BY DEFAULT AS IDENTITY (
    SEQUENCE NAME public.account_emailconfirmation_id_seq
    START WITH 1
    INCREMENT BY 1
    NO MINVALUE
    NO MAXVALUE
    CACHE 1
);


--
-- TOC entry 223 (class 1259 OID 16408)
-- Name: auth_group; Type: TABLE; Schema: public; Owner: postgres
--

CREATE TABLE public.auth_group (
    id integer NOT NULL,
    name character varying(150) NOT NULL
);


ALTER TABLE public.auth_group OWNER TO postgres;

--
-- TOC entry 224 (class 1259 OID 16413)
-- Name: auth_group_id_seq; Type: SEQUENCE; Schema: public; Owner: postgres
--

ALTER TABLE public.auth_group ALTER COLUMN id ADD GENERATED BY DEFAULT AS IDENTITY (
    SEQUENCE NAME public.auth_group_id_seq
    START WITH 1
    INCREMENT BY 1
    NO MINVALUE
    NO MAXVALUE
    CACHE 1
);


--
-- TOC entry 225 (class 1259 OID 16414)
-- Name: auth_group_permissions; Type: TABLE; Schema: public; Owner: postgres
--

CREATE TABLE public.auth_group_permissions (
    id bigint NOT NULL,
    group_id integer NOT NULL,
    permission_id integer NOT NULL
);


ALTER TABLE public.auth_group_permissions OWNER TO postgres;

--
-- TOC entry 226 (class 1259 OID 16420)
-- Name: auth_group_permissions_id_seq; Type: SEQUENCE; Schema: public; Owner: postgres
--

ALTER TABLE public.auth_group_permissions ALTER COLUMN id ADD GENERATED BY DEFAULT AS IDENTITY (
    SEQUENCE NAME public.auth_group_permissions_id_seq
    START WITH 1
    INCREMENT BY 1
    NO MINVALUE
    NO MAXVALUE
    CACHE 1
);


--
-- TOC entry 227 (class 1259 OID 16421)
-- Name: auth_permission; Type: TABLE; Schema: public; Owner: postgres
--

CREATE TABLE public.auth_permission (
    id integer NOT NULL,
    name character varying(255) NOT NULL,
    content_type_id integer NOT NULL,
    codename character varying(100) NOT NULL
);


ALTER TABLE public.auth_permission OWNER TO postgres;

--
-- TOC entry 228 (class 1259 OID 16428)
-- Name: auth_permission_id_seq; Type: SEQUENCE; Schema: public; Owner: postgres
--

ALTER TABLE public.auth_permission ALTER COLUMN id ADD GENERATED BY DEFAULT AS IDENTITY (
    SEQUENCE NAME public.auth_permission_id_seq
    START WITH 1
    INCREMENT BY 1
    NO MINVALUE
    NO MAXVALUE
    CACHE 1
);


--
-- TOC entry 229 (class 1259 OID 16429)
-- Name: authtoken_token; Type: TABLE; Schema: public; Owner: postgres
--

CREATE TABLE public.authtoken_token (
    key character varying(40) NOT NULL,
    created timestamp with time zone NOT NULL,
    user_id bigint NOT NULL
);


ALTER TABLE public.authtoken_token OWNER TO postgres;

--
-- TOC entry 230 (class 1259 OID 16435)
-- Name: debug_toolbar_historyentry; Type: TABLE; Schema: public; Owner: postgres
--

CREATE TABLE public.debug_toolbar_historyentry (
    request_id uuid NOT NULL,
    data jsonb NOT NULL,
    created_at timestamp with time zone NOT NULL
);


ALTER TABLE public.debug_toolbar_historyentry OWNER TO postgres;

--
-- TOC entry 231 (class 1259 OID 16443)
-- Name: django_admin_log; Type: TABLE; Schema: public; Owner: postgres
--

CREATE TABLE public.django_admin_log (
    id integer NOT NULL,
    action_time timestamp with time zone NOT NULL,
    object_id text,
    object_repr character varying(200) NOT NULL,
    action_flag smallint NOT NULL,
    change_message text NOT NULL,
    content_type_id integer,
    user_id bigint NOT NULL,
    CONSTRAINT django_admin_log_action_flag_check CHECK ((action_flag >= 0))
);


ALTER TABLE public.django_admin_log OWNER TO postgres;

--
-- TOC entry 232 (class 1259 OID 16455)
-- Name: django_admin_log_id_seq; Type: SEQUENCE; Schema: public; Owner: postgres
--

ALTER TABLE public.django_admin_log ALTER COLUMN id ADD GENERATED BY DEFAULT AS IDENTITY (
    SEQUENCE NAME public.django_admin_log_id_seq
    START WITH 1
    INCREMENT BY 1
    NO MINVALUE
    NO MAXVALUE
    CACHE 1
);


--
-- TOC entry 233 (class 1259 OID 16456)
-- Name: django_content_type; Type: TABLE; Schema: public; Owner: postgres
--

CREATE TABLE public.django_content_type (
    id integer NOT NULL,
    app_label character varying(100) NOT NULL,
    model character varying(100) NOT NULL
);


ALTER TABLE public.django_content_type OWNER TO postgres;

--
-- TOC entry 234 (class 1259 OID 16462)
-- Name: django_content_type_id_seq; Type: SEQUENCE; Schema: public; Owner: postgres
--

ALTER TABLE public.django_content_type ALTER COLUMN id ADD GENERATED BY DEFAULT AS IDENTITY (
    SEQUENCE NAME public.django_content_type_id_seq
    START WITH 1
    INCREMENT BY 1
    NO MINVALUE
    NO MAXVALUE
    CACHE 1
);


--
-- TOC entry 235 (class 1259 OID 16463)
-- Name: django_migrations; Type: TABLE; Schema: public; Owner: postgres
--

CREATE TABLE public.django_migrations (
    id bigint NOT NULL,
    app character varying(255) NOT NULL,
    name character varying(255) NOT NULL,
    applied timestamp with time zone NOT NULL
);


ALTER TABLE public.django_migrations OWNER TO postgres;

--
-- TOC entry 236 (class 1259 OID 16472)
-- Name: django_migrations_id_seq; Type: SEQUENCE; Schema: public; Owner: postgres
--

ALTER TABLE public.django_migrations ALTER COLUMN id ADD GENERATED BY DEFAULT AS IDENTITY (
    SEQUENCE NAME public.django_migrations_id_seq
    START WITH 1
    INCREMENT BY 1
    NO MINVALUE
    NO MAXVALUE
    CACHE 1
);


--
-- TOC entry 237 (class 1259 OID 16473)
-- Name: django_session; Type: TABLE; Schema: public; Owner: postgres
--

CREATE TABLE public.django_session (
    session_key character varying(40) NOT NULL,
    session_data text NOT NULL,
    expire_date timestamp with time zone NOT NULL
);


ALTER TABLE public.django_session OWNER TO postgres;

--
-- TOC entry 238 (class 1259 OID 16481)
-- Name: django_site; Type: TABLE; Schema: public; Owner: postgres
--

CREATE TABLE public.django_site (
    id integer NOT NULL,
    domain character varying(100) NOT NULL,
    name character varying(50) NOT NULL
);


ALTER TABLE public.django_site OWNER TO postgres;

--
-- TOC entry 239 (class 1259 OID 16487)
-- Name: django_site_id_seq; Type: SEQUENCE; Schema: public; Owner: postgres
--

ALTER TABLE public.django_site ALTER COLUMN id ADD GENERATED BY DEFAULT AS IDENTITY (
    SEQUENCE NAME public.django_site_id_seq
    START WITH 1
    INCREMENT BY 1
    NO MINVALUE
    NO MAXVALUE
    CACHE 1
);


--
-- TOC entry 240 (class 1259 OID 16488)
-- Name: mfa_authenticator; Type: TABLE; Schema: public; Owner: postgres
--

CREATE TABLE public.mfa_authenticator (
    id bigint NOT NULL,
    type character varying(20) NOT NULL,
    data jsonb NOT NULL,
    user_id bigint NOT NULL,
    created_at timestamp with time zone NOT NULL,
    last_used_at timestamp with time zone
);


ALTER TABLE public.mfa_authenticator OWNER TO postgres;

--
-- TOC entry 241 (class 1259 OID 16498)
-- Name: mfa_authenticator_id_seq; Type: SEQUENCE; Schema: public; Owner: postgres
--

ALTER TABLE public.mfa_authenticator ALTER COLUMN id ADD GENERATED BY DEFAULT AS IDENTITY (
    SEQUENCE NAME public.mfa_authenticator_id_seq
    START WITH 1
    INCREMENT BY 1
    NO MINVALUE
    NO MAXVALUE
    CACHE 1
);


--
-- TOC entry 242 (class 1259 OID 16499)
-- Name: pages_category; Type: TABLE; Schema: public; Owner: postgres
--

CREATE TABLE public.pages_category (
    id bigint NOT NULL,
    name character varying(100) NOT NULL
);


ALTER TABLE public.pages_category OWNER TO postgres;

--
-- TOC entry 243 (class 1259 OID 16504)
-- Name: pages_category_id_seq; Type: SEQUENCE; Schema: public; Owner: postgres
--

ALTER TABLE public.pages_category ALTER COLUMN id ADD GENERATED BY DEFAULT AS IDENTITY (
    SEQUENCE NAME public.pages_category_id_seq
    START WITH 1
    INCREMENT BY 1
    NO MINVALUE
    NO MAXVALUE
    CACHE 1
);


--
-- TOC entry 244 (class 1259 OID 16505)
-- Name: pages_lead; Type: TABLE; Schema: public; Owner: postgres
--

CREATE TABLE public.pages_lead (
    id bigint NOT NULL,
    full_name character varying(255) NOT NULL,
    phone character varying(50) NOT NULL,
    email character varying(254),
    comment text NOT NULL,
    product_name character varying(255) NOT NULL,
    created_at timestamp with time zone NOT NULL,
    product_id bigint
);


ALTER TABLE public.pages_lead OWNER TO postgres;

--
-- TOC entry 245 (class 1259 OID 16516)
-- Name: pages_lead_id_seq; Type: SEQUENCE; Schema: public; Owner: postgres
--

ALTER TABLE public.pages_lead ALTER COLUMN id ADD GENERATED BY DEFAULT AS IDENTITY (
    SEQUENCE NAME public.pages_lead_id_seq
    START WITH 1
    INCREMENT BY 1
    NO MINVALUE
    NO MAXVALUE
    CACHE 1
);


--
-- TOC entry 246 (class 1259 OID 16517)
-- Name: pages_product; Type: TABLE; Schema: public; Owner: postgres
--

CREATE TABLE public.pages_product (
    id bigint NOT NULL,
    name character varying(200) NOT NULL,
    description text NOT NULL,
    price numeric(10,2) NOT NULL,
    image character varying(100) NOT NULL,
    category_id bigint NOT NULL
);


ALTER TABLE public.pages_product OWNER TO postgres;

--
-- TOC entry 247 (class 1259 OID 16528)
-- Name: pages_product_id_seq; Type: SEQUENCE; Schema: public; Owner: postgres
--

ALTER TABLE public.pages_product ALTER COLUMN id ADD GENERATED BY DEFAULT AS IDENTITY (
    SEQUENCE NAME public.pages_product_id_seq
    START WITH 1
    INCREMENT BY 1
    NO MINVALUE
    NO MAXVALUE
    CACHE 1
);


--
-- TOC entry 248 (class 1259 OID 16529)
-- Name: socialaccount_socialaccount; Type: TABLE; Schema: public; Owner: postgres
--

CREATE TABLE public.socialaccount_socialaccount (
    id integer NOT NULL,
    provider character varying(200) NOT NULL,
    uid character varying(191) NOT NULL,
    last_login timestamp with time zone NOT NULL,
    date_joined timestamp with time zone NOT NULL,
    extra_data jsonb NOT NULL,
    user_id bigint NOT NULL
);


ALTER TABLE public.socialaccount_socialaccount OWNER TO postgres;

--
-- TOC entry 249 (class 1259 OID 16541)
-- Name: socialaccount_socialaccount_id_seq; Type: SEQUENCE; Schema: public; Owner: postgres
--

ALTER TABLE public.socialaccount_socialaccount ALTER COLUMN id ADD GENERATED BY DEFAULT AS IDENTITY (
    SEQUENCE NAME public.socialaccount_socialaccount_id_seq
    START WITH 1
    INCREMENT BY 1
    NO MINVALUE
    NO MAXVALUE
    CACHE 1
);


--
-- TOC entry 250 (class 1259 OID 16542)
-- Name: socialaccount_socialapp; Type: TABLE; Schema: public; Owner: postgres
--

CREATE TABLE public.socialaccount_socialapp (
    id integer NOT NULL,
    provider character varying(30) NOT NULL,
    name character varying(40) NOT NULL,
    client_id character varying(191) NOT NULL,
    secret character varying(191) NOT NULL,
    key character varying(191) NOT NULL,
    provider_id character varying(200) NOT NULL,
    settings jsonb NOT NULL
);


ALTER TABLE public.socialaccount_socialapp OWNER TO postgres;

--
-- TOC entry 251 (class 1259 OID 16555)
-- Name: socialaccount_socialapp_id_seq; Type: SEQUENCE; Schema: public; Owner: postgres
--

ALTER TABLE public.socialaccount_socialapp ALTER COLUMN id ADD GENERATED BY DEFAULT AS IDENTITY (
    SEQUENCE NAME public.socialaccount_socialapp_id_seq
    START WITH 1
    INCREMENT BY 1
    NO MINVALUE
    NO MAXVALUE
    CACHE 1
);


--
-- TOC entry 252 (class 1259 OID 16556)
-- Name: socialaccount_socialapp_sites; Type: TABLE; Schema: public; Owner: postgres
--

CREATE TABLE public.socialaccount_socialapp_sites (
    id bigint NOT NULL,
    socialapp_id integer NOT NULL,
    site_id integer NOT NULL
);


ALTER TABLE public.socialaccount_socialapp_sites OWNER TO postgres;

--
-- TOC entry 253 (class 1259 OID 16562)
-- Name: socialaccount_socialapp_sites_id_seq; Type: SEQUENCE; Schema: public; Owner: postgres
--

ALTER TABLE public.socialaccount_socialapp_sites ALTER COLUMN id ADD GENERATED BY DEFAULT AS IDENTITY (
    SEQUENCE NAME public.socialaccount_socialapp_sites_id_seq
    START WITH 1
    INCREMENT BY 1
    NO MINVALUE
    NO MAXVALUE
    CACHE 1
);


--
-- TOC entry 254 (class 1259 OID 16563)
-- Name: socialaccount_socialtoken; Type: TABLE; Schema: public; Owner: postgres
--

CREATE TABLE public.socialaccount_socialtoken (
    id integer NOT NULL,
    token text NOT NULL,
    token_secret text NOT NULL,
    expires_at timestamp with time zone,
    account_id integer NOT NULL,
    app_id integer
);


ALTER TABLE public.socialaccount_socialtoken OWNER TO postgres;

--
-- TOC entry 255 (class 1259 OID 16572)
-- Name: socialaccount_socialtoken_id_seq; Type: SEQUENCE; Schema: public; Owner: postgres
--

ALTER TABLE public.socialaccount_socialtoken ALTER COLUMN id ADD GENERATED BY DEFAULT AS IDENTITY (
    SEQUENCE NAME public.socialaccount_socialtoken_id_seq
    START WITH 1
    INCREMENT BY 1
    NO MINVALUE
    NO MAXVALUE
    CACHE 1
);


--
-- TOC entry 256 (class 1259 OID 16573)
-- Name: users_user; Type: TABLE; Schema: public; Owner: postgres
--

CREATE TABLE public.users_user (
    id bigint NOT NULL,
    password character varying(128) NOT NULL,
    last_login timestamp with time zone,
    is_superuser boolean NOT NULL,
    username character varying(150) NOT NULL,
    email character varying(254) NOT NULL,
    is_staff boolean NOT NULL,
    is_active boolean NOT NULL,
    date_joined timestamp with time zone NOT NULL,
    name character varying(255) NOT NULL
);


ALTER TABLE public.users_user OWNER TO postgres;

--
-- TOC entry 257 (class 1259 OID 16587)
-- Name: users_user_groups; Type: TABLE; Schema: public; Owner: postgres
--

CREATE TABLE public.users_user_groups (
    id bigint NOT NULL,
    user_id bigint NOT NULL,
    group_id integer NOT NULL
);


ALTER TABLE public.users_user_groups OWNER TO postgres;

--
-- TOC entry 258 (class 1259 OID 16593)
-- Name: users_user_groups_id_seq; Type: SEQUENCE; Schema: public; Owner: postgres
--

ALTER TABLE public.users_user_groups ALTER COLUMN id ADD GENERATED BY DEFAULT AS IDENTITY (
    SEQUENCE NAME public.users_user_groups_id_seq
    START WITH 1
    INCREMENT BY 1
    NO MINVALUE
    NO MAXVALUE
    CACHE 1
);


--
-- TOC entry 259 (class 1259 OID 16594)
-- Name: users_user_id_seq; Type: SEQUENCE; Schema: public; Owner: postgres
--

ALTER TABLE public.users_user ALTER COLUMN id ADD GENERATED BY DEFAULT AS IDENTITY (
    SEQUENCE NAME public.users_user_id_seq
    START WITH 1
    INCREMENT BY 1
    NO MINVALUE
    NO MAXVALUE
    CACHE 1
);


--
-- TOC entry 260 (class 1259 OID 16595)
-- Name: users_user_user_permissions; Type: TABLE; Schema: public; Owner: postgres
--

CREATE TABLE public.users_user_user_permissions (
    id bigint NOT NULL,
    user_id bigint NOT NULL,
    permission_id integer NOT NULL
);


ALTER TABLE public.users_user_user_permissions OWNER TO postgres;

--
-- TOC entry 261 (class 1259 OID 16601)
-- Name: users_user_user_permissions_id_seq; Type: SEQUENCE; Schema: public; Owner: postgres
--

ALTER TABLE public.users_user_user_permissions ALTER COLUMN id ADD GENERATED BY DEFAULT AS IDENTITY (
    SEQUENCE NAME public.users_user_user_permissions_id_seq
    START WITH 1
    INCREMENT BY 1
    NO MINVALUE
    NO MAXVALUE
    CACHE 1
);


--
-- TOC entry 5138 (class 0 OID 16391)
-- Dependencies: 219
-- Data for Name: account_emailaddress; Type: TABLE DATA; Schema: public; Owner: postgres
--

COPY public.account_emailaddress (id, email, verified, "primary", user_id) FROM stdin;
1	hovannes.chakhoyan@mail.ru	f	f	1
2	hovannes.chakhoyan@gmail.com	f	f	2
\.


--
-- TOC entry 5140 (class 0 OID 16400)
-- Dependencies: 221
-- Data for Name: account_emailconfirmation; Type: TABLE DATA; Schema: public; Owner: postgres
--

COPY public.account_emailconfirmation (id, created, sent, key, email_address_id) FROM stdin;
\.


--
-- TOC entry 5142 (class 0 OID 16408)
-- Dependencies: 223
-- Data for Name: auth_group; Type: TABLE DATA; Schema: public; Owner: postgres
--

COPY public.auth_group (id, name) FROM stdin;
\.


--
-- TOC entry 5144 (class 0 OID 16414)
-- Dependencies: 225
-- Data for Name: auth_group_permissions; Type: TABLE DATA; Schema: public; Owner: postgres
--

COPY public.auth_group_permissions (id, group_id, permission_id) FROM stdin;
\.


--
-- TOC entry 5146 (class 0 OID 16421)
-- Dependencies: 227
-- Data for Name: auth_permission; Type: TABLE DATA; Schema: public; Owner: postgres
--

COPY public.auth_permission (id, name, content_type_id, codename) FROM stdin;
1	Can add permission	1	add_permission
2	Can change permission	1	change_permission
3	Can delete permission	1	delete_permission
4	Can view permission	1	view_permission
5	Can add group	2	add_group
6	Can change group	2	change_group
7	Can delete group	2	delete_group
8	Can view group	2	view_group
9	Can add content type	3	add_contenttype
10	Can change content type	3	change_contenttype
11	Can delete content type	3	delete_contenttype
12	Can view content type	3	view_contenttype
13	Can add session	4	add_session
14	Can change session	4	change_session
15	Can delete session	4	delete_session
16	Can view session	4	view_session
17	Can add site	5	add_site
18	Can change site	5	change_site
19	Can delete site	5	delete_site
20	Can view site	5	view_site
21	Can add log entry	6	add_logentry
22	Can change log entry	6	change_logentry
23	Can delete log entry	6	delete_logentry
24	Can view log entry	6	view_logentry
25	Can add email address	7	add_emailaddress
26	Can change email address	7	change_emailaddress
27	Can delete email address	7	delete_emailaddress
28	Can view email address	7	view_emailaddress
29	Can add email confirmation	8	add_emailconfirmation
30	Can change email confirmation	8	change_emailconfirmation
31	Can delete email confirmation	8	delete_emailconfirmation
32	Can view email confirmation	8	view_emailconfirmation
33	Can add authenticator	9	add_authenticator
34	Can change authenticator	9	change_authenticator
35	Can delete authenticator	9	delete_authenticator
36	Can view authenticator	9	view_authenticator
37	Can add social account	10	add_socialaccount
38	Can change social account	10	change_socialaccount
39	Can delete social account	10	delete_socialaccount
40	Can view social account	10	view_socialaccount
41	Can add social application	11	add_socialapp
42	Can change social application	11	change_socialapp
43	Can delete social application	11	delete_socialapp
44	Can view social application	11	view_socialapp
45	Can add social application token	12	add_socialtoken
46	Can change social application token	12	change_socialtoken
47	Can delete social application token	12	delete_socialtoken
48	Can view social application token	12	view_socialtoken
49	Can add Token	13	add_token
50	Can change Token	13	change_token
51	Can delete Token	13	delete_token
52	Can view Token	13	view_token
53	Can add Token	14	add_tokenproxy
54	Can change Token	14	change_tokenproxy
55	Can delete Token	14	delete_tokenproxy
56	Can view Token	14	view_tokenproxy
57	Can add user	15	add_user
58	Can change user	15	change_user
59	Can delete user	15	delete_user
60	Can view user	15	view_user
61	Can add history entry	16	add_historyentry
62	Can change history entry	16	change_historyentry
63	Can delete history entry	16	delete_historyentry
64	Can view history entry	16	view_historyentry
65	Can add Категория	17	add_category
66	Can change Категория	17	change_category
67	Can delete Категория	17	delete_category
68	Can view Категория	17	view_category
69	Can add Товар	18	add_product
70	Can change Товар	18	change_product
71	Can delete Товар	18	delete_product
72	Can view Товар	18	view_product
73	Can add Заявка	19	add_lead
74	Can change Заявка	19	change_lead
75	Can delete Заявка	19	delete_lead
76	Can view Заявка	19	view_lead
\.


--
-- TOC entry 5148 (class 0 OID 16429)
-- Dependencies: 229
-- Data for Name: authtoken_token; Type: TABLE DATA; Schema: public; Owner: postgres
--

COPY public.authtoken_token (key, created, user_id) FROM stdin;
\.


--
-- TOC entry 5149 (class 0 OID 16435)
-- Dependencies: 230
-- Data for Name: debug_toolbar_historyentry; Type: TABLE DATA; Schema: public; Owner: postgres
--

COPY public.debug_toolbar_historyentry (request_id, data, created_at) FROM stdin;
\.


--
-- TOC entry 5150 (class 0 OID 16443)
-- Dependencies: 231
-- Data for Name: django_admin_log; Type: TABLE DATA; Schema: public; Owner: postgres
--

COPY public.django_admin_log (id, action_time, object_id, object_repr, action_flag, change_message, content_type_id, user_id) FROM stdin;
1	2025-08-19 15:43:42.155728+03	1	Песок	1	[{"added": {}}]	17	1
2	2025-08-19 15:43:51.1494+03	2	Щебень	1	[{"added": {}}]	17	1
3	2025-08-19 15:48:25.83266+03	3	Гравий	1	[{"added": {}}]	17	1
4	2025-08-19 15:48:36.546887+03	4	Другое	1	[{"added": {}}]	17	1
5	2025-08-19 15:50:37.17487+03	1	Песок мытый	1	[{"added": {}}]	18	1
6	2025-08-19 15:53:10.279293+03	2	Щебень 5-20	1	[{"added": {}}]	18	1
7	2025-08-19 15:54:27.011987+03	3	Щебень гравийный 20-40	1	[{"added": {}}]	18	1
8	2025-08-19 15:55:52.042466+03	4	Чернозём	1	[{"added": {}}]	18	1
9	2025-08-22 20:32:23.408592+03	6	Виктор — +7 (922) 222 22 22	3		19	1
10	2025-08-22 20:32:23.408636+03	5	цц — +7 (122) 222 22 22	3		19	1
11	2025-08-22 20:32:23.408651+03	4	2131 — +7 (222) 222 22 22	3		19	1
12	2025-08-22 20:32:23.408664+03	3	ц2 — +7 (899) 999 99 99	3		19	1
13	2025-08-22 20:32:23.408677+03	2	Игорь — +78022333223	3		19	1
14	2025-08-22 20:32:23.40869+03	1	аапкк — +7 901 189 97 26	3		19	1
15	2025-09-01 20:07:21.929005+03	15	hjyyyy — +7 (900) 000 00 00	3		19	1
16	2025-09-01 20:07:21.929179+03	14	222 — +7 (222) 222 22 22	3		19	1
17	2025-09-01 20:07:21.929201+03	13	аапкк — +7 (213) 232 31 23	3		19	1
18	2025-09-01 20:07:21.929216+03	12	ааааа — +7 (333) 333 33 33	3		19	1
19	2025-09-01 20:07:21.92923+03	11	аапкк — +7 (213) 232 31 23	3		19	1
20	2025-09-01 20:07:21.929242+03	10	аапкк — +7 (199) 999 99 93	3		19	1
21	2025-09-01 20:07:21.929256+03	9	аапкк — +7 (213) 232 31 23	3		19	1
22	2025-09-01 20:07:21.929268+03	8	аапкк — +7 (222) 222 22 22	3		19	1
23	2025-11-03 16:39:56.642345+03	3	Земля	2	[{"changed": {"fields": ["\\u041a\\u0430\\u0442\\u0435\\u0433\\u043e\\u0440\\u0438\\u044f"]}}]	17	3
24	2025-11-03 16:40:18.321028+03	3	Щебень гравийный 20-40	2	[{"changed": {"fields": ["\\u041a\\u0430\\u0442\\u0435\\u0433\\u043e\\u0440\\u0438\\u044f"]}}]	18	3
25	2025-11-03 16:40:27.346029+03	4	Чернозём	2	[{"changed": {"fields": ["\\u041a\\u0430\\u0442\\u0435\\u0433\\u043e\\u0440\\u0438\\u044f"]}}]	18	3
26	2025-11-03 17:39:05.306924+03	5	Известняковый щебень	1	[{"added": {}}]	18	3
27	2025-11-03 17:41:39.490042+03	4	Земля1	2	[{"changed": {"fields": ["\\u041a\\u0430\\u0442\\u0435\\u0433\\u043e\\u0440\\u0438\\u044f"]}}]	17	3
28	2025-11-03 17:41:46.680306+03	3	Другое	2	[{"changed": {"fields": ["\\u041a\\u0430\\u0442\\u0435\\u0433\\u043e\\u0440\\u0438\\u044f"]}}]	17	3
29	2025-11-03 17:41:51.531718+03	4	Земля	2	[{"changed": {"fields": ["\\u041a\\u0430\\u0442\\u0435\\u0433\\u043e\\u0440\\u0438\\u044f"]}}]	17	3
30	2025-11-03 17:42:00.10776+03	4	Чернозём	2	[{"changed": {"fields": ["\\u041a\\u0430\\u0442\\u0435\\u0433\\u043e\\u0440\\u0438\\u044f"]}}]	18	3
31	2025-11-03 17:43:01.749083+03	3	Другое	3		17	3
32	2025-11-05 22:23:04.869631+03	6	Песок карьерный	1	[{"added": {}}]	18	3
33	2025-11-06 00:33:21.133537+03	7	Щебень колотый	1	[{"added": {}}]	18	3
34	2025-11-06 00:36:23.023945+03	8	Торф	1	[{"added": {}}]	18	3
35	2025-11-06 00:39:04.85269+03	9	Вторичный щебень	1	[{"added": {}}]	18	3
36	2025-11-06 00:40:44.202308+03	10	Полевая земля	1	[{"added": {}}]	18	3
37	2025-11-06 00:40:54.697835+03	10	Полевая земля	2	[{"changed": {"fields": ["\\u0426\\u0435\\u043d\\u0430"]}}]	18	3
38	2025-11-06 00:41:05.92288+03	9	Вторичный щебень	2	[{"changed": {"fields": ["\\u0426\\u0435\\u043d\\u0430"]}}]	18	3
39	2025-11-06 00:41:17.240905+03	8	Торф	2	[{"changed": {"fields": ["\\u0426\\u0435\\u043d\\u0430"]}}]	18	3
40	2025-11-06 00:41:32.03178+03	7	Щебень колотый	2	[{"changed": {"fields": ["\\u0426\\u0435\\u043d\\u0430"]}}]	18	3
41	2025-11-06 00:41:42.989356+03	6	Песок карьерный	2	[{"changed": {"fields": ["\\u0426\\u0435\\u043d\\u0430"]}}]	18	3
42	2025-11-06 00:41:54.358498+03	5	Известняковый щебень	2	[{"changed": {"fields": ["\\u0426\\u0435\\u043d\\u0430"]}}]	18	3
43	2025-11-06 00:42:04.937967+03	4	Чернозём	2	[{"changed": {"fields": ["\\u0426\\u0435\\u043d\\u0430"]}}]	18	3
44	2025-11-06 00:49:12.091729+03	11	Песок сеянный	1	[{"added": {}}]	18	3
\.


--
-- TOC entry 5152 (class 0 OID 16456)
-- Dependencies: 233
-- Data for Name: django_content_type; Type: TABLE DATA; Schema: public; Owner: postgres
--

COPY public.django_content_type (id, app_label, model) FROM stdin;
1	auth	permission
2	auth	group
3	contenttypes	contenttype
4	sessions	session
5	sites	site
6	admin	logentry
7	account	emailaddress
8	account	emailconfirmation
9	mfa	authenticator
10	socialaccount	socialaccount
11	socialaccount	socialapp
12	socialaccount	socialtoken
13	authtoken	token
14	authtoken	tokenproxy
15	users	user
16	debug_toolbar	historyentry
17	pages	category
18	pages	product
19	pages	lead
\.


--
-- TOC entry 5154 (class 0 OID 16463)
-- Dependencies: 235
-- Data for Name: django_migrations; Type: TABLE DATA; Schema: public; Owner: postgres
--

COPY public.django_migrations (id, app, name, applied) FROM stdin;
1	contenttypes	0001_initial	2025-08-18 23:04:09.519989+03
2	contenttypes	0002_remove_content_type_name	2025-08-18 23:04:09.530391+03
3	auth	0001_initial	2025-08-18 23:04:09.613829+03
4	auth	0002_alter_permission_name_max_length	2025-08-18 23:04:09.621822+03
5	auth	0003_alter_user_email_max_length	2025-08-18 23:04:09.629716+03
6	auth	0004_alter_user_username_opts	2025-08-18 23:04:09.638916+03
7	auth	0005_alter_user_last_login_null	2025-08-18 23:04:09.647456+03
8	auth	0006_require_contenttypes_0002	2025-08-18 23:04:09.651732+03
9	auth	0007_alter_validators_add_error_messages	2025-08-18 23:04:09.660182+03
10	auth	0008_alter_user_username_max_length	2025-08-18 23:04:09.668493+03
11	auth	0009_alter_user_last_name_max_length	2025-08-18 23:04:09.677346+03
12	auth	0010_alter_group_name_max_length	2025-08-18 23:04:09.685179+03
13	auth	0011_update_proxy_permissions	2025-08-18 23:04:09.692264+03
14	auth	0012_alter_user_first_name_max_length	2025-08-18 23:04:09.701746+03
15	users	0001_initial	2025-08-18 23:04:09.788371+03
16	account	0001_initial	2025-08-18 23:04:09.847621+03
17	account	0002_email_max_length	2025-08-18 23:04:09.856759+03
18	account	0003_alter_emailaddress_create_unique_verified_email	2025-08-18 23:04:09.880722+03
19	account	0004_alter_emailaddress_drop_unique_email	2025-08-18 23:04:09.905873+03
20	account	0005_emailaddress_idx_upper_email	2025-08-18 23:04:09.920657+03
21	account	0006_emailaddress_lower	2025-08-18 23:04:09.934972+03
22	account	0007_emailaddress_idx_email	2025-08-18 23:04:09.959478+03
23	account	0008_emailaddress_unique_primary_email_fixup	2025-08-18 23:04:09.972598+03
24	account	0009_emailaddress_unique_primary_email	2025-08-18 23:04:09.98715+03
25	admin	0001_initial	2025-08-18 23:04:10.029119+03
26	admin	0002_logentry_remove_auto_add	2025-08-18 23:04:10.038135+03
27	admin	0003_logentry_add_action_flag_choices	2025-08-18 23:04:10.0484+03
28	authtoken	0001_initial	2025-08-18 23:04:10.082198+03
29	authtoken	0002_auto_20160226_1747	2025-08-18 23:04:10.141606+03
30	authtoken	0003_tokenproxy	2025-08-18 23:04:10.145555+03
31	authtoken	0004_alter_tokenproxy_options	2025-08-18 23:04:10.151644+03
32	debug_toolbar	0001_initial	2025-08-18 23:04:10.166103+03
33	mfa	0001_initial	2025-08-18 23:04:10.200657+03
34	mfa	0002_authenticator_timestamps	2025-08-18 23:04:10.217686+03
35	mfa	0003_authenticator_type_uniq	2025-08-18 23:04:10.246209+03
36	sessions	0001_initial	2025-08-18 23:04:10.273807+03
37	sites	0001_initial	2025-08-18 23:04:10.283663+03
38	sites	0002_alter_domain_unique	2025-08-18 23:04:10.298772+03
39	sites	0003_set_site_domain_and_name	2025-08-18 23:04:10.320252+03
40	sites	0004_alter_options_ordering_domain	2025-08-18 23:04:10.325398+03
41	socialaccount	0001_initial	2025-08-18 23:04:10.459834+03
42	socialaccount	0002_token_max_lengths	2025-08-18 23:04:10.49077+03
43	socialaccount	0003_extra_data_default_dict	2025-08-18 23:04:10.503662+03
44	socialaccount	0004_app_provider_id_settings	2025-08-18 23:04:10.525071+03
45	socialaccount	0005_socialtoken_nullable_app	2025-08-18 23:04:10.54652+03
46	socialaccount	0006_alter_socialaccount_extra_data	2025-08-18 23:04:10.582539+03
47	pages	0001_initial	2025-08-19 00:45:21.429317+03
48	pages	0002_lead	2025-08-22 19:23:13.689102+03
\.


--
-- TOC entry 5156 (class 0 OID 16473)
-- Dependencies: 237
-- Data for Name: django_session; Type: TABLE DATA; Schema: public; Owner: postgres
--

COPY public.django_session (session_key, session_data, expire_date) FROM stdin;
znhxhuyo5da56av8io37t8ay5p6p1lcl	.eJyNUttugzAM_Rc_owoKjJIv2D9MU-SBCxEhQbm0qyr-fYbRbusetqfYPufYR3augE1jowkSY-jJBNVgUNbIkUJvWw_i5QqfMQiY0PuzdS0kgAFEVpVlWVRP5WGXVXmeFglET87gSEx-ticLc_Kn_FAXuyLN66zeP-rVAPNrcreobacMiOvKktPApD33ohGVlidy6ri5Z2BE02Kw7sIErzoTJxBH1J4ScNQqR02Q0WkQJmq99bglU28N3ZJFjFoOZ3SdvxcDBlqccNCRX6LVnHy7yMa2K8Tjkd85gZ69aOINBBeJ89XqRW5j_sHc3H0xGRqP-P1m9AA30TmGeBM_eiyQMiooVrTy9xUOac0M6cn75RfQ-6R4hSKdPwCPPr0Y:1uo6Cc:eVMqHA7ioR9-dYc-yTArkuHDzq17FQGSQFSvGM5X_0U	2025-09-01 23:11:34.46003+03
eem9mjur5czprxd3vk0gvztaky8k7h86	.eJxVjDEOwjAMRe-SGUWxS2KXkb1nqJzaIgXUSk07Ie4OlTrA-t97_-V62dbSb9WWflR3ceBOv1uW4WHTDvQu0232wzyty5j9rviDVt_Nas_r4f4dFKnlWzeZkZmyMiVhTdkMjCIE1NQSydlUCUwxhozYqPCAwBBi0yIYkHt_ANzWN0M:1uo6xd:2HY1q4uDtLvwJHVYZ9juQNP79I0dr1WlYY3IUZj6RLk	2025-09-02 00:00:09.642989+03
joytrkjwp8hoxnqwvpr8exzsvqcmhc5x	.eJxVjDsOwjAQBe_iGln-YceU9DmDtd5d4wBypDipEHeHSCmgfTPzXiLBtta0dV7SROIirDj9bhnwwW0HdId2myXObV2mLHdFHrTLcSZ-Xg_376BCr98ag_FscvDnCEgK0GjWhVy22lE2yoELoJUFVwajCH0owSsuMYJFHKJ4fwDuODgj:1vFumJ:jOAjnXiIj4MoXVw5MYBAEUv3qoTDhk7tN1OzH0Kc-Yk	2025-11-17 16:39:23.916602+03
\.


--
-- TOC entry 5157 (class 0 OID 16481)
-- Dependencies: 238
-- Data for Name: django_site; Type: TABLE DATA; Schema: public; Owner: postgres
--

COPY public.django_site (id, domain, name) FROM stdin;
1	localhost	PESOKPERVIY
\.


--
-- TOC entry 5159 (class 0 OID 16488)
-- Dependencies: 240
-- Data for Name: mfa_authenticator; Type: TABLE DATA; Schema: public; Owner: postgres
--

COPY public.mfa_authenticator (id, type, data, user_id, created_at, last_used_at) FROM stdin;
\.


--
-- TOC entry 5161 (class 0 OID 16499)
-- Dependencies: 242
-- Data for Name: pages_category; Type: TABLE DATA; Schema: public; Owner: postgres
--

COPY public.pages_category (id, name) FROM stdin;
1	Песок
2	Щебень
4	Земля
\.


--
-- TOC entry 5163 (class 0 OID 16505)
-- Dependencies: 244
-- Data for Name: pages_lead; Type: TABLE DATA; Schema: public; Owner: postgres
--

COPY public.pages_lead (id, full_name, phone, email, comment, product_name, created_at, product_id) FROM stdin;
16	ыфвфыв	+7 (444) 444 44 44				2025-11-05 18:57:35.283325+03	\N
17	ывцв	+7 (222) 222 22 22				2025-11-05 19:08:34.321895+03	\N
18	чячя	+7 (333) 333 33 33				2025-11-06 17:50:42.901965+03	\N
19	Актер	+7 (872) 635 14 23	hovannes.chakhoyan@gmail.com			2025-11-06 17:52:56.486555+03	\N
20	Ocerikath	+7 (999) 876 21 23	hovannes.chakhoyan@mail.ru			2025-11-06 19:20:58.530683+03	\N
21	Ocerikath	+7 (999) 876 21 23	hovannes.chakhoyan@mail.ru			2025-11-06 19:22:41.339449+03	\N
\.


--
-- TOC entry 5165 (class 0 OID 16517)
-- Dependencies: 246
-- Data for Name: pages_product; Type: TABLE DATA; Schema: public; Owner: postgres
--

COPY public.pages_product (id, name, description, price, image, category_id) FROM stdin;
1	Песок мытый	Характеристики: Тип песка — карьерный, Модуль крупности: 0,5-1 мм, Плотность: 1750 кг/м3.\r\nПодходит для производства штукатурных растворов, цементных смесей, кладочных растворов, финишных смесей, укладки автомобильных дорог, производства бетонных блоков, колец, опор, полусухой стяжки. Применяется в пескоструйных аппаратах для очистки поверхности.	720.00	products/texture-pesok-02.jpg	1
2	Щебень 5-20	Щебень гравийный – это природный сыпучий материал, который получают путем дробления и сортировки гравия на фракции – по размеру частиц. Наиболее востребованной считается фракция 5 – 20 мм, состоящая из двух стандартных фракций 5-10 и 10-20 мм.	850.00	products/sheben.jpg	2
3	Щебень гравийный 20-40	Гравийный щебень 20-40 – материал, который активно используют в строительной сфере, дорожных работах и сельскохозяйственной отрасли. Благодаря средним размерам продукт применяют в качестве дорожных насыпей, а также при строительстве объектов и заполнении фундамента.	700.00	products/graviy.jpg	2
8	Торф	Торф – это уникальное полезное ископаемое, обладающее множеством полезных свойств и находящее широкое применение в разных отраслях промышленности и сельском хозяйстве. Он является источником энергии, удобрением и средством для улучшения структуры и плодородия почвы. Знание свойств торфа и его видов поможет выбрать наиболее подходящий вариант для конкретных целей и задач.	920.00	products/torf.jpg	4
7	Щебень колотый	Щебень колотый получают путем дробления горных пород или крупных кусков бетона. Он отличается от других видов щебня острыми краями и неравномерной формой.\r\n\r\nКамень добывается в карьерах или рудниках. Крупные куски породы дробят на щебень требуемого размера с помощью специальных дробильных установок.	1100.00	products/sheben-koloty.png	2
6	Песок карьерный	Песок намывной – это нерудный материал природного происхождения, который используется в разных отраслях хозяйствования. Он представляет собой карьерный песок, который дополнительно намывают – обеспечивают дополнительную обработку водой с помощью специального гидромеханического оборудования для очищения от крупных фракций, глины и посторонних примесей. Это делает его однородным, улучшает зерновой состав, повышает технико-эксплуатационные характеристики и расширяет сферу применения.	450.00	products/pesok-mitiy.jpg	1
5	Известняковый щебень	Материал находит широкое применение из-за распространенности породы и простоты обработки, а также высоких показателей качества. Его используют в строительстве дорог в качестве подушки под покрытие, наполнителя в производстве бетона и асфальта. Им посыпают дороги второстепенного значения с низкой пропускной способностью.\r\n\r\nВ качестве декора известковый щебень разных фракций очень востребован. Им посыпают спортивные и детские площадки, парковые территории, дорожки, берега водоемов, украшают придомовую территорию.	1090.00	products/sheben_izvestnekovaya.webp	2
4	Чернозём	Чернозем — это природный грунт, содержащий высокий уровень гумуса, минералов и микроэлементов. Он отличается хорошей влагоемкостью, воздухопроницаемостью и плодородием, что делает его лучшим выбором для сельского хозяйства и ландшафтного озеленения.	1480.00	products/chernozem.jpg	4
10	Полевая земля	«Полевая земля» — это верхний плодородный слой почвы с полей, используемый для улучшения качества грунта в садах и огородах, а также для создания газонов и ландшафтного дизайна. Это питательная смесь, насыщенная органическими веществами и минералами, которая благоприятно влияет на рост растений.	390.00	products/polevaya-zemlya.jpg	4
9	Вторичный щебень	Иногда строительные конструкции и отходы получают вторую жизнь – направляются на переработку и использование для сокращения себестоимости и продолжительности работ. В числе таких материалов – вторичный щебень, который получают при измельчении дорожного  покрытия, слома домов и инженерных сооружений, бракованных изделий и разрушенных объектов. Благодаря повторному применению его себестоимость в несколько раз меньше, чем у новых образцов продукции, тогда как набор их физико-химических и практических свойств полностью идентичен.	670.00	products/vtorichniy.jpg	2
11	Песок сеянный	Песок сеяный – это карьерный песок, прошедший дополнительную обработку, направленную на разделение на фракции и очищение от посторонних примесей. Его после добычи в карьере просеивают через специальные сита, что улучшает его сыпучесть и другие технико-эксплуатационные характеристики, а именно:	940.00	products/pesok-seyanni.jpg	1
\.


--
-- TOC entry 5167 (class 0 OID 16529)
-- Dependencies: 248
-- Data for Name: socialaccount_socialaccount; Type: TABLE DATA; Schema: public; Owner: postgres
--

COPY public.socialaccount_socialaccount (id, provider, uid, last_login, date_joined, extra_data, user_id) FROM stdin;
\.


--
-- TOC entry 5169 (class 0 OID 16542)
-- Dependencies: 250
-- Data for Name: socialaccount_socialapp; Type: TABLE DATA; Schema: public; Owner: postgres
--

COPY public.socialaccount_socialapp (id, provider, name, client_id, secret, key, provider_id, settings) FROM stdin;
\.


--
-- TOC entry 5171 (class 0 OID 16556)
-- Dependencies: 252
-- Data for Name: socialaccount_socialapp_sites; Type: TABLE DATA; Schema: public; Owner: postgres
--

COPY public.socialaccount_socialapp_sites (id, socialapp_id, site_id) FROM stdin;
\.


--
-- TOC entry 5173 (class 0 OID 16563)
-- Dependencies: 254
-- Data for Name: socialaccount_socialtoken; Type: TABLE DATA; Schema: public; Owner: postgres
--

COPY public.socialaccount_socialtoken (id, token, token_secret, expires_at, account_id, app_id) FROM stdin;
\.


--
-- TOC entry 5175 (class 0 OID 16573)
-- Dependencies: 256
-- Data for Name: users_user; Type: TABLE DATA; Schema: public; Owner: postgres
--

COPY public.users_user (id, password, last_login, is_superuser, username, email, is_staff, is_active, date_joined, name) FROM stdin;
2	argon2$argon2id$v=19$m=102400,t=2,p=8$b1dwM0FWV3FWUDlDa21QSFh6V0p5Vw$tijgh70ZFZXf1Dq8A1C9BIgUYkkF54jMmCk4KqM5h1E	\N	t	Hovik	hovannes.chakhoyan@gmail.com	t	t	2025-08-18 23:10:56.603002+03	
1	argon2$argon2id$v=19$m=102400,t=2,p=8$QklxT0x0dnU3OXJSS2lYSERyQ0VuMw$ZAl2Yc+znRL0N5TVzrPXzKnjSBPQUWqk7CIexvU4x0Y	2025-08-19 00:00:09.593444+03	t	Hovo	hovannes.chakhoyan@mail.ru	t	t	2025-08-18 23:06:54.849866+03	
3	argon2$argon2id$v=19$m=102400,t=2,p=8$NDF1dUJqWVJERUFZazV6dG03d3RONg$3JHm9ekpxwkGbndDmpfF+HctjQvep3LKAAxXCBNzY94	2025-11-03 16:39:23.830335+03	t	hovo	hovannes.chakhoyan@gmail.com	t	t	2025-11-03 16:39:03.459286+03	
\.


--
-- TOC entry 5176 (class 0 OID 16587)
-- Dependencies: 257
-- Data for Name: users_user_groups; Type: TABLE DATA; Schema: public; Owner: postgres
--

COPY public.users_user_groups (id, user_id, group_id) FROM stdin;
\.


--
-- TOC entry 5179 (class 0 OID 16595)
-- Dependencies: 260
-- Data for Name: users_user_user_permissions; Type: TABLE DATA; Schema: public; Owner: postgres
--

COPY public.users_user_user_permissions (id, user_id, permission_id) FROM stdin;
\.


--
-- TOC entry 5186 (class 0 OID 0)
-- Dependencies: 220
-- Name: account_emailaddress_id_seq; Type: SEQUENCE SET; Schema: public; Owner: postgres
--

SELECT pg_catalog.setval('public.account_emailaddress_id_seq', 2, true);


--
-- TOC entry 5187 (class 0 OID 0)
-- Dependencies: 222
-- Name: account_emailconfirmation_id_seq; Type: SEQUENCE SET; Schema: public; Owner: postgres
--

SELECT pg_catalog.setval('public.account_emailconfirmation_id_seq', 1, false);


--
-- TOC entry 5188 (class 0 OID 0)
-- Dependencies: 224
-- Name: auth_group_id_seq; Type: SEQUENCE SET; Schema: public; Owner: postgres
--

SELECT pg_catalog.setval('public.auth_group_id_seq', 1, false);


--
-- TOC entry 5189 (class 0 OID 0)
-- Dependencies: 226
-- Name: auth_group_permissions_id_seq; Type: SEQUENCE SET; Schema: public; Owner: postgres
--

SELECT pg_catalog.setval('public.auth_group_permissions_id_seq', 1, false);


--
-- TOC entry 5190 (class 0 OID 0)
-- Dependencies: 228
-- Name: auth_permission_id_seq; Type: SEQUENCE SET; Schema: public; Owner: postgres
--

SELECT pg_catalog.setval('public.auth_permission_id_seq', 76, true);


--
-- TOC entry 5191 (class 0 OID 0)
-- Dependencies: 232
-- Name: django_admin_log_id_seq; Type: SEQUENCE SET; Schema: public; Owner: postgres
--

SELECT pg_catalog.setval('public.django_admin_log_id_seq', 44, true);


--
-- TOC entry 5192 (class 0 OID 0)
-- Dependencies: 234
-- Name: django_content_type_id_seq; Type: SEQUENCE SET; Schema: public; Owner: postgres
--

SELECT pg_catalog.setval('public.django_content_type_id_seq', 19, true);


--
-- TOC entry 5193 (class 0 OID 0)
-- Dependencies: 236
-- Name: django_migrations_id_seq; Type: SEQUENCE SET; Schema: public; Owner: postgres
--

SELECT pg_catalog.setval('public.django_migrations_id_seq', 48, true);


--
-- TOC entry 5194 (class 0 OID 0)
-- Dependencies: 239
-- Name: django_site_id_seq; Type: SEQUENCE SET; Schema: public; Owner: postgres
--

SELECT pg_catalog.setval('public.django_site_id_seq', 2, false);


--
-- TOC entry 5195 (class 0 OID 0)
-- Dependencies: 241
-- Name: mfa_authenticator_id_seq; Type: SEQUENCE SET; Schema: public; Owner: postgres
--

SELECT pg_catalog.setval('public.mfa_authenticator_id_seq', 1, false);


--
-- TOC entry 5196 (class 0 OID 0)
-- Dependencies: 243
-- Name: pages_category_id_seq; Type: SEQUENCE SET; Schema: public; Owner: postgres
--

SELECT pg_catalog.setval('public.pages_category_id_seq', 4, true);


--
-- TOC entry 5197 (class 0 OID 0)
-- Dependencies: 245
-- Name: pages_lead_id_seq; Type: SEQUENCE SET; Schema: public; Owner: postgres
--

SELECT pg_catalog.setval('public.pages_lead_id_seq', 21, true);


--
-- TOC entry 5198 (class 0 OID 0)
-- Dependencies: 247
-- Name: pages_product_id_seq; Type: SEQUENCE SET; Schema: public; Owner: postgres
--

SELECT pg_catalog.setval('public.pages_product_id_seq', 11, true);


--
-- TOC entry 5199 (class 0 OID 0)
-- Dependencies: 249
-- Name: socialaccount_socialaccount_id_seq; Type: SEQUENCE SET; Schema: public; Owner: postgres
--

SELECT pg_catalog.setval('public.socialaccount_socialaccount_id_seq', 1, false);


--
-- TOC entry 5200 (class 0 OID 0)
-- Dependencies: 251
-- Name: socialaccount_socialapp_id_seq; Type: SEQUENCE SET; Schema: public; Owner: postgres
--

SELECT pg_catalog.setval('public.socialaccount_socialapp_id_seq', 1, false);


--
-- TOC entry 5201 (class 0 OID 0)
-- Dependencies: 253
-- Name: socialaccount_socialapp_sites_id_seq; Type: SEQUENCE SET; Schema: public; Owner: postgres
--

SELECT pg_catalog.setval('public.socialaccount_socialapp_sites_id_seq', 1, false);


--
-- TOC entry 5202 (class 0 OID 0)
-- Dependencies: 255
-- Name: socialaccount_socialtoken_id_seq; Type: SEQUENCE SET; Schema: public; Owner: postgres
--

SELECT pg_catalog.setval('public.socialaccount_socialtoken_id_seq', 1, false);


--
-- TOC entry 5203 (class 0 OID 0)
-- Dependencies: 258
-- Name: users_user_groups_id_seq; Type: SEQUENCE SET; Schema: public; Owner: postgres
--

SELECT pg_catalog.setval('public.users_user_groups_id_seq', 1, false);


--
-- TOC entry 5204 (class 0 OID 0)
-- Dependencies: 259
-- Name: users_user_id_seq; Type: SEQUENCE SET; Schema: public; Owner: postgres
--

SELECT pg_catalog.setval('public.users_user_id_seq', 3, true);


--
-- TOC entry 5205 (class 0 OID 0)
-- Dependencies: 261
-- Name: users_user_user_permissions_id_seq; Type: SEQUENCE SET; Schema: public; Owner: postgres
--

SELECT pg_catalog.setval('public.users_user_user_permissions_id_seq', 1, false);


--
-- TOC entry 4866 (class 2606 OID 16603)
-- Name: account_emailaddress account_emailaddress_pkey; Type: CONSTRAINT; Schema: public; Owner: postgres
--

ALTER TABLE ONLY public.account_emailaddress
    ADD CONSTRAINT account_emailaddress_pkey PRIMARY KEY (id);


--
-- TOC entry 4869 (class 2606 OID 16605)
-- Name: account_emailaddress account_emailaddress_user_id_email_987c8728_uniq; Type: CONSTRAINT; Schema: public; Owner: postgres
--

ALTER TABLE ONLY public.account_emailaddress
    ADD CONSTRAINT account_emailaddress_user_id_email_987c8728_uniq UNIQUE (user_id, email);


--
-- TOC entry 4875 (class 2606 OID 16607)
-- Name: account_emailconfirmation account_emailconfirmation_key_key; Type: CONSTRAINT; Schema: public; Owner: postgres
--

ALTER TABLE ONLY public.account_emailconfirmation
    ADD CONSTRAINT account_emailconfirmation_key_key UNIQUE (key);


--
-- TOC entry 4877 (class 2606 OID 16609)
-- Name: account_emailconfirmation account_emailconfirmation_pkey; Type: CONSTRAINT; Schema: public; Owner: postgres
--

ALTER TABLE ONLY public.account_emailconfirmation
    ADD CONSTRAINT account_emailconfirmation_pkey PRIMARY KEY (id);


--
-- TOC entry 4880 (class 2606 OID 16611)
-- Name: auth_group auth_group_name_key; Type: CONSTRAINT; Schema: public; Owner: postgres
--

ALTER TABLE ONLY public.auth_group
    ADD CONSTRAINT auth_group_name_key UNIQUE (name);


--
-- TOC entry 4885 (class 2606 OID 16613)
-- Name: auth_group_permissions auth_group_permissions_group_id_permission_id_0cd325b0_uniq; Type: CONSTRAINT; Schema: public; Owner: postgres
--

ALTER TABLE ONLY public.auth_group_permissions
    ADD CONSTRAINT auth_group_permissions_group_id_permission_id_0cd325b0_uniq UNIQUE (group_id, permission_id);


--
-- TOC entry 4888 (class 2606 OID 16615)
-- Name: auth_group_permissions auth_group_permissions_pkey; Type: CONSTRAINT; Schema: public; Owner: postgres
--

ALTER TABLE ONLY public.auth_group_permissions
    ADD CONSTRAINT auth_group_permissions_pkey PRIMARY KEY (id);


--
-- TOC entry 4882 (class 2606 OID 16617)
-- Name: auth_group auth_group_pkey; Type: CONSTRAINT; Schema: public; Owner: postgres
--

ALTER TABLE ONLY public.auth_group
    ADD CONSTRAINT auth_group_pkey PRIMARY KEY (id);


--
-- TOC entry 4891 (class 2606 OID 16619)
-- Name: auth_permission auth_permission_content_type_id_codename_01ab375a_uniq; Type: CONSTRAINT; Schema: public; Owner: postgres
--

ALTER TABLE ONLY public.auth_permission
    ADD CONSTRAINT auth_permission_content_type_id_codename_01ab375a_uniq UNIQUE (content_type_id, codename);


--
-- TOC entry 4893 (class 2606 OID 16621)
-- Name: auth_permission auth_permission_pkey; Type: CONSTRAINT; Schema: public; Owner: postgres
--

ALTER TABLE ONLY public.auth_permission
    ADD CONSTRAINT auth_permission_pkey PRIMARY KEY (id);


--
-- TOC entry 4896 (class 2606 OID 16623)
-- Name: authtoken_token authtoken_token_pkey; Type: CONSTRAINT; Schema: public; Owner: postgres
--

ALTER TABLE ONLY public.authtoken_token
    ADD CONSTRAINT authtoken_token_pkey PRIMARY KEY (key);


--
-- TOC entry 4898 (class 2606 OID 16625)
-- Name: authtoken_token authtoken_token_user_id_key; Type: CONSTRAINT; Schema: public; Owner: postgres
--

ALTER TABLE ONLY public.authtoken_token
    ADD CONSTRAINT authtoken_token_user_id_key UNIQUE (user_id);


--
-- TOC entry 4900 (class 2606 OID 16627)
-- Name: debug_toolbar_historyentry debug_toolbar_historyentry_pkey; Type: CONSTRAINT; Schema: public; Owner: postgres
--

ALTER TABLE ONLY public.debug_toolbar_historyentry
    ADD CONSTRAINT debug_toolbar_historyentry_pkey PRIMARY KEY (request_id);


--
-- TOC entry 4903 (class 2606 OID 16629)
-- Name: django_admin_log django_admin_log_pkey; Type: CONSTRAINT; Schema: public; Owner: postgres
--

ALTER TABLE ONLY public.django_admin_log
    ADD CONSTRAINT django_admin_log_pkey PRIMARY KEY (id);


--
-- TOC entry 4906 (class 2606 OID 16631)
-- Name: django_content_type django_content_type_app_label_model_76bd3d3b_uniq; Type: CONSTRAINT; Schema: public; Owner: postgres
--

ALTER TABLE ONLY public.django_content_type
    ADD CONSTRAINT django_content_type_app_label_model_76bd3d3b_uniq UNIQUE (app_label, model);


--
-- TOC entry 4908 (class 2606 OID 16633)
-- Name: django_content_type django_content_type_pkey; Type: CONSTRAINT; Schema: public; Owner: postgres
--

ALTER TABLE ONLY public.django_content_type
    ADD CONSTRAINT django_content_type_pkey PRIMARY KEY (id);


--
-- TOC entry 4910 (class 2606 OID 16635)
-- Name: django_migrations django_migrations_pkey; Type: CONSTRAINT; Schema: public; Owner: postgres
--

ALTER TABLE ONLY public.django_migrations
    ADD CONSTRAINT django_migrations_pkey PRIMARY KEY (id);


--
-- TOC entry 4913 (class 2606 OID 16637)
-- Name: django_session django_session_pkey; Type: CONSTRAINT; Schema: public; Owner: postgres
--

ALTER TABLE ONLY public.django_session
    ADD CONSTRAINT django_session_pkey PRIMARY KEY (session_key);


--
-- TOC entry 4917 (class 2606 OID 16639)
-- Name: django_site django_site_domain_a2e37b91_uniq; Type: CONSTRAINT; Schema: public; Owner: postgres
--

ALTER TABLE ONLY public.django_site
    ADD CONSTRAINT django_site_domain_a2e37b91_uniq UNIQUE (domain);


--
-- TOC entry 4919 (class 2606 OID 16641)
-- Name: django_site django_site_pkey; Type: CONSTRAINT; Schema: public; Owner: postgres
--

ALTER TABLE ONLY public.django_site
    ADD CONSTRAINT django_site_pkey PRIMARY KEY (id);


--
-- TOC entry 4921 (class 2606 OID 16643)
-- Name: mfa_authenticator mfa_authenticator_pkey; Type: CONSTRAINT; Schema: public; Owner: postgres
--

ALTER TABLE ONLY public.mfa_authenticator
    ADD CONSTRAINT mfa_authenticator_pkey PRIMARY KEY (id);


--
-- TOC entry 4926 (class 2606 OID 16645)
-- Name: pages_category pages_category_name_key; Type: CONSTRAINT; Schema: public; Owner: postgres
--

ALTER TABLE ONLY public.pages_category
    ADD CONSTRAINT pages_category_name_key UNIQUE (name);


--
-- TOC entry 4928 (class 2606 OID 16647)
-- Name: pages_category pages_category_pkey; Type: CONSTRAINT; Schema: public; Owner: postgres
--

ALTER TABLE ONLY public.pages_category
    ADD CONSTRAINT pages_category_pkey PRIMARY KEY (id);


--
-- TOC entry 4930 (class 2606 OID 16649)
-- Name: pages_lead pages_lead_pkey; Type: CONSTRAINT; Schema: public; Owner: postgres
--

ALTER TABLE ONLY public.pages_lead
    ADD CONSTRAINT pages_lead_pkey PRIMARY KEY (id);


--
-- TOC entry 4934 (class 2606 OID 16651)
-- Name: pages_product pages_product_pkey; Type: CONSTRAINT; Schema: public; Owner: postgres
--

ALTER TABLE ONLY public.pages_product
    ADD CONSTRAINT pages_product_pkey PRIMARY KEY (id);


--
-- TOC entry 4936 (class 2606 OID 16653)
-- Name: socialaccount_socialaccount socialaccount_socialaccount_pkey; Type: CONSTRAINT; Schema: public; Owner: postgres
--

ALTER TABLE ONLY public.socialaccount_socialaccount
    ADD CONSTRAINT socialaccount_socialaccount_pkey PRIMARY KEY (id);


--
-- TOC entry 4938 (class 2606 OID 16655)
-- Name: socialaccount_socialaccount socialaccount_socialaccount_provider_uid_fc810c6e_uniq; Type: CONSTRAINT; Schema: public; Owner: postgres
--

ALTER TABLE ONLY public.socialaccount_socialaccount
    ADD CONSTRAINT socialaccount_socialaccount_provider_uid_fc810c6e_uniq UNIQUE (provider, uid);


--
-- TOC entry 4943 (class 2606 OID 16657)
-- Name: socialaccount_socialapp_sites socialaccount_socialapp__socialapp_id_site_id_71a9a768_uniq; Type: CONSTRAINT; Schema: public; Owner: postgres
--

ALTER TABLE ONLY public.socialaccount_socialapp_sites
    ADD CONSTRAINT socialaccount_socialapp__socialapp_id_site_id_71a9a768_uniq UNIQUE (socialapp_id, site_id);


--
-- TOC entry 4941 (class 2606 OID 16659)
-- Name: socialaccount_socialapp socialaccount_socialapp_pkey; Type: CONSTRAINT; Schema: public; Owner: postgres
--

ALTER TABLE ONLY public.socialaccount_socialapp
    ADD CONSTRAINT socialaccount_socialapp_pkey PRIMARY KEY (id);


--
-- TOC entry 4945 (class 2606 OID 16661)
-- Name: socialaccount_socialapp_sites socialaccount_socialapp_sites_pkey; Type: CONSTRAINT; Schema: public; Owner: postgres
--

ALTER TABLE ONLY public.socialaccount_socialapp_sites
    ADD CONSTRAINT socialaccount_socialapp_sites_pkey PRIMARY KEY (id);


--
-- TOC entry 4951 (class 2606 OID 16663)
-- Name: socialaccount_socialtoken socialaccount_socialtoken_app_id_account_id_fca4e0ac_uniq; Type: CONSTRAINT; Schema: public; Owner: postgres
--

ALTER TABLE ONLY public.socialaccount_socialtoken
    ADD CONSTRAINT socialaccount_socialtoken_app_id_account_id_fca4e0ac_uniq UNIQUE (app_id, account_id);


--
-- TOC entry 4953 (class 2606 OID 16665)
-- Name: socialaccount_socialtoken socialaccount_socialtoken_pkey; Type: CONSTRAINT; Schema: public; Owner: postgres
--

ALTER TABLE ONLY public.socialaccount_socialtoken
    ADD CONSTRAINT socialaccount_socialtoken_pkey PRIMARY KEY (id);


--
-- TOC entry 4961 (class 2606 OID 16667)
-- Name: users_user_groups users_user_groups_pkey; Type: CONSTRAINT; Schema: public; Owner: postgres
--

ALTER TABLE ONLY public.users_user_groups
    ADD CONSTRAINT users_user_groups_pkey PRIMARY KEY (id);


--
-- TOC entry 4964 (class 2606 OID 16669)
-- Name: users_user_groups users_user_groups_user_id_group_id_b88eab82_uniq; Type: CONSTRAINT; Schema: public; Owner: postgres
--

ALTER TABLE ONLY public.users_user_groups
    ADD CONSTRAINT users_user_groups_user_id_group_id_b88eab82_uniq UNIQUE (user_id, group_id);


--
-- TOC entry 4955 (class 2606 OID 16671)
-- Name: users_user users_user_pkey; Type: CONSTRAINT; Schema: public; Owner: postgres
--

ALTER TABLE ONLY public.users_user
    ADD CONSTRAINT users_user_pkey PRIMARY KEY (id);


--
-- TOC entry 4967 (class 2606 OID 16673)
-- Name: users_user_user_permissions users_user_user_permissions_pkey; Type: CONSTRAINT; Schema: public; Owner: postgres
--

ALTER TABLE ONLY public.users_user_user_permissions
    ADD CONSTRAINT users_user_user_permissions_pkey PRIMARY KEY (id);


--
-- TOC entry 4970 (class 2606 OID 16675)
-- Name: users_user_user_permissions users_user_user_permissions_user_id_permission_id_43338c45_uniq; Type: CONSTRAINT; Schema: public; Owner: postgres
--

ALTER TABLE ONLY public.users_user_user_permissions
    ADD CONSTRAINT users_user_user_permissions_user_id_permission_id_43338c45_uniq UNIQUE (user_id, permission_id);


--
-- TOC entry 4958 (class 2606 OID 16677)
-- Name: users_user users_user_username_key; Type: CONSTRAINT; Schema: public; Owner: postgres
--

ALTER TABLE ONLY public.users_user
    ADD CONSTRAINT users_user_username_key UNIQUE (username);


--
-- TOC entry 4863 (class 1259 OID 16678)
-- Name: account_emailaddress_email_03be32b2; Type: INDEX; Schema: public; Owner: postgres
--

CREATE INDEX account_emailaddress_email_03be32b2 ON public.account_emailaddress USING btree (email);


--
-- TOC entry 4864 (class 1259 OID 16679)
-- Name: account_emailaddress_email_03be32b2_like; Type: INDEX; Schema: public; Owner: postgres
--

CREATE INDEX account_emailaddress_email_03be32b2_like ON public.account_emailaddress USING btree (email varchar_pattern_ops);


--
-- TOC entry 4867 (class 1259 OID 16680)
-- Name: account_emailaddress_user_id_2c513194; Type: INDEX; Schema: public; Owner: postgres
--

CREATE INDEX account_emailaddress_user_id_2c513194 ON public.account_emailaddress USING btree (user_id);


--
-- TOC entry 4872 (class 1259 OID 16681)
-- Name: account_emailconfirmation_email_address_id_5b7f8c58; Type: INDEX; Schema: public; Owner: postgres
--

CREATE INDEX account_emailconfirmation_email_address_id_5b7f8c58 ON public.account_emailconfirmation USING btree (email_address_id);


--
-- TOC entry 4873 (class 1259 OID 16682)
-- Name: account_emailconfirmation_key_f43612bd_like; Type: INDEX; Schema: public; Owner: postgres
--

CREATE INDEX account_emailconfirmation_key_f43612bd_like ON public.account_emailconfirmation USING btree (key varchar_pattern_ops);


--
-- TOC entry 4878 (class 1259 OID 16683)
-- Name: auth_group_name_a6ea08ec_like; Type: INDEX; Schema: public; Owner: postgres
--

CREATE INDEX auth_group_name_a6ea08ec_like ON public.auth_group USING btree (name varchar_pattern_ops);


--
-- TOC entry 4883 (class 1259 OID 16684)
-- Name: auth_group_permissions_group_id_b120cbf9; Type: INDEX; Schema: public; Owner: postgres
--

CREATE INDEX auth_group_permissions_group_id_b120cbf9 ON public.auth_group_permissions USING btree (group_id);


--
-- TOC entry 4886 (class 1259 OID 16685)
-- Name: auth_group_permissions_permission_id_84c5c92e; Type: INDEX; Schema: public; Owner: postgres
--

CREATE INDEX auth_group_permissions_permission_id_84c5c92e ON public.auth_group_permissions USING btree (permission_id);


--
-- TOC entry 4889 (class 1259 OID 16686)
-- Name: auth_permission_content_type_id_2f476e4b; Type: INDEX; Schema: public; Owner: postgres
--

CREATE INDEX auth_permission_content_type_id_2f476e4b ON public.auth_permission USING btree (content_type_id);


--
-- TOC entry 4894 (class 1259 OID 16687)
-- Name: authtoken_token_key_10f0b77e_like; Type: INDEX; Schema: public; Owner: postgres
--

CREATE INDEX authtoken_token_key_10f0b77e_like ON public.authtoken_token USING btree (key varchar_pattern_ops);


--
-- TOC entry 4901 (class 1259 OID 16688)
-- Name: django_admin_log_content_type_id_c4bce8eb; Type: INDEX; Schema: public; Owner: postgres
--

CREATE INDEX django_admin_log_content_type_id_c4bce8eb ON public.django_admin_log USING btree (content_type_id);


--
-- TOC entry 4904 (class 1259 OID 16689)
-- Name: django_admin_log_user_id_c564eba6; Type: INDEX; Schema: public; Owner: postgres
--

CREATE INDEX django_admin_log_user_id_c564eba6 ON public.django_admin_log USING btree (user_id);


--
-- TOC entry 4911 (class 1259 OID 16690)
-- Name: django_session_expire_date_a5c62663; Type: INDEX; Schema: public; Owner: postgres
--

CREATE INDEX django_session_expire_date_a5c62663 ON public.django_session USING btree (expire_date);


--
-- TOC entry 4914 (class 1259 OID 16691)
-- Name: django_session_session_key_c0390e0f_like; Type: INDEX; Schema: public; Owner: postgres
--

CREATE INDEX django_session_session_key_c0390e0f_like ON public.django_session USING btree (session_key varchar_pattern_ops);


--
-- TOC entry 4915 (class 1259 OID 16692)
-- Name: django_site_domain_a2e37b91_like; Type: INDEX; Schema: public; Owner: postgres
--

CREATE INDEX django_site_domain_a2e37b91_like ON public.django_site USING btree (domain varchar_pattern_ops);


--
-- TOC entry 4922 (class 1259 OID 16693)
-- Name: mfa_authenticator_user_id_0c3a50c0; Type: INDEX; Schema: public; Owner: postgres
--

CREATE INDEX mfa_authenticator_user_id_0c3a50c0 ON public.mfa_authenticator USING btree (user_id);


--
-- TOC entry 4924 (class 1259 OID 16694)
-- Name: pages_category_name_e8715648_like; Type: INDEX; Schema: public; Owner: postgres
--

CREATE INDEX pages_category_name_e8715648_like ON public.pages_category USING btree (name varchar_pattern_ops);


--
-- TOC entry 4931 (class 1259 OID 16695)
-- Name: pages_lead_product_id_985caea3; Type: INDEX; Schema: public; Owner: postgres
--

CREATE INDEX pages_lead_product_id_985caea3 ON public.pages_lead USING btree (product_id);


--
-- TOC entry 4932 (class 1259 OID 16696)
-- Name: pages_product_category_id_5d11e074; Type: INDEX; Schema: public; Owner: postgres
--

CREATE INDEX pages_product_category_id_5d11e074 ON public.pages_product USING btree (category_id);


--
-- TOC entry 4939 (class 1259 OID 16697)
-- Name: socialaccount_socialaccount_user_id_8146e70c; Type: INDEX; Schema: public; Owner: postgres
--

CREATE INDEX socialaccount_socialaccount_user_id_8146e70c ON public.socialaccount_socialaccount USING btree (user_id);


--
-- TOC entry 4946 (class 1259 OID 16698)
-- Name: socialaccount_socialapp_sites_site_id_2579dee5; Type: INDEX; Schema: public; Owner: postgres
--

CREATE INDEX socialaccount_socialapp_sites_site_id_2579dee5 ON public.socialaccount_socialapp_sites USING btree (site_id);


--
-- TOC entry 4947 (class 1259 OID 16699)
-- Name: socialaccount_socialapp_sites_socialapp_id_97fb6e7d; Type: INDEX; Schema: public; Owner: postgres
--

CREATE INDEX socialaccount_socialapp_sites_socialapp_id_97fb6e7d ON public.socialaccount_socialapp_sites USING btree (socialapp_id);


--
-- TOC entry 4948 (class 1259 OID 16700)
-- Name: socialaccount_socialtoken_account_id_951f210e; Type: INDEX; Schema: public; Owner: postgres
--

CREATE INDEX socialaccount_socialtoken_account_id_951f210e ON public.socialaccount_socialtoken USING btree (account_id);


--
-- TOC entry 4949 (class 1259 OID 16701)
-- Name: socialaccount_socialtoken_app_id_636a42d7; Type: INDEX; Schema: public; Owner: postgres
--

CREATE INDEX socialaccount_socialtoken_app_id_636a42d7 ON public.socialaccount_socialtoken USING btree (app_id);


--
-- TOC entry 4923 (class 1259 OID 16702)
-- Name: unique_authenticator_type; Type: INDEX; Schema: public; Owner: postgres
--

CREATE UNIQUE INDEX unique_authenticator_type ON public.mfa_authenticator USING btree (user_id, type) WHERE ((type)::text = ANY (ARRAY[('totp'::character varying)::text, ('recovery_codes'::character varying)::text]));


--
-- TOC entry 4870 (class 1259 OID 16703)
-- Name: unique_primary_email; Type: INDEX; Schema: public; Owner: postgres
--

CREATE UNIQUE INDEX unique_primary_email ON public.account_emailaddress USING btree (user_id, "primary") WHERE "primary";


--
-- TOC entry 4871 (class 1259 OID 16704)
-- Name: unique_verified_email; Type: INDEX; Schema: public; Owner: postgres
--

CREATE UNIQUE INDEX unique_verified_email ON public.account_emailaddress USING btree (email) WHERE verified;


--
-- TOC entry 4959 (class 1259 OID 16705)
-- Name: users_user_groups_group_id_9afc8d0e; Type: INDEX; Schema: public; Owner: postgres
--

CREATE INDEX users_user_groups_group_id_9afc8d0e ON public.users_user_groups USING btree (group_id);


--
-- TOC entry 4962 (class 1259 OID 16706)
-- Name: users_user_groups_user_id_5f6f5a90; Type: INDEX; Schema: public; Owner: postgres
--

CREATE INDEX users_user_groups_user_id_5f6f5a90 ON public.users_user_groups USING btree (user_id);


--
-- TOC entry 4965 (class 1259 OID 16707)
-- Name: users_user_user_permissions_permission_id_0b93982e; Type: INDEX; Schema: public; Owner: postgres
--

CREATE INDEX users_user_user_permissions_permission_id_0b93982e ON public.users_user_user_permissions USING btree (permission_id);


--
-- TOC entry 4968 (class 1259 OID 16708)
-- Name: users_user_user_permissions_user_id_20aca447; Type: INDEX; Schema: public; Owner: postgres
--

CREATE INDEX users_user_user_permissions_user_id_20aca447 ON public.users_user_user_permissions USING btree (user_id);


--
-- TOC entry 4956 (class 1259 OID 16709)
-- Name: users_user_username_06e46fe6_like; Type: INDEX; Schema: public; Owner: postgres
--

CREATE INDEX users_user_username_06e46fe6_like ON public.users_user USING btree (username varchar_pattern_ops);


--
-- TOC entry 4971 (class 2606 OID 16710)
-- Name: account_emailaddress account_emailaddress_user_id_2c513194_fk_users_user_id; Type: FK CONSTRAINT; Schema: public; Owner: postgres
--

ALTER TABLE ONLY public.account_emailaddress
    ADD CONSTRAINT account_emailaddress_user_id_2c513194_fk_users_user_id FOREIGN KEY (user_id) REFERENCES public.users_user(id) DEFERRABLE INITIALLY DEFERRED;


--
-- TOC entry 4972 (class 2606 OID 16715)
-- Name: account_emailconfirmation account_emailconfirm_email_address_id_5b7f8c58_fk_account_e; Type: FK CONSTRAINT; Schema: public; Owner: postgres
--

ALTER TABLE ONLY public.account_emailconfirmation
    ADD CONSTRAINT account_emailconfirm_email_address_id_5b7f8c58_fk_account_e FOREIGN KEY (email_address_id) REFERENCES public.account_emailaddress(id) DEFERRABLE INITIALLY DEFERRED;


--
-- TOC entry 4973 (class 2606 OID 16720)
-- Name: auth_group_permissions auth_group_permissio_permission_id_84c5c92e_fk_auth_perm; Type: FK CONSTRAINT; Schema: public; Owner: postgres
--

ALTER TABLE ONLY public.auth_group_permissions
    ADD CONSTRAINT auth_group_permissio_permission_id_84c5c92e_fk_auth_perm FOREIGN KEY (permission_id) REFERENCES public.auth_permission(id) DEFERRABLE INITIALLY DEFERRED;


--
-- TOC entry 4974 (class 2606 OID 16725)
-- Name: auth_group_permissions auth_group_permissions_group_id_b120cbf9_fk_auth_group_id; Type: FK CONSTRAINT; Schema: public; Owner: postgres
--

ALTER TABLE ONLY public.auth_group_permissions
    ADD CONSTRAINT auth_group_permissions_group_id_b120cbf9_fk_auth_group_id FOREIGN KEY (group_id) REFERENCES public.auth_group(id) DEFERRABLE INITIALLY DEFERRED;


--
-- TOC entry 4975 (class 2606 OID 16730)
-- Name: auth_permission auth_permission_content_type_id_2f476e4b_fk_django_co; Type: FK CONSTRAINT; Schema: public; Owner: postgres
--

ALTER TABLE ONLY public.auth_permission
    ADD CONSTRAINT auth_permission_content_type_id_2f476e4b_fk_django_co FOREIGN KEY (content_type_id) REFERENCES public.django_content_type(id) DEFERRABLE INITIALLY DEFERRED;


--
-- TOC entry 4976 (class 2606 OID 16735)
-- Name: authtoken_token authtoken_token_user_id_35299eff_fk_users_user_id; Type: FK CONSTRAINT; Schema: public; Owner: postgres
--

ALTER TABLE ONLY public.authtoken_token
    ADD CONSTRAINT authtoken_token_user_id_35299eff_fk_users_user_id FOREIGN KEY (user_id) REFERENCES public.users_user(id) DEFERRABLE INITIALLY DEFERRED;


--
-- TOC entry 4977 (class 2606 OID 16740)
-- Name: django_admin_log django_admin_log_content_type_id_c4bce8eb_fk_django_co; Type: FK CONSTRAINT; Schema: public; Owner: postgres
--

ALTER TABLE ONLY public.django_admin_log
    ADD CONSTRAINT django_admin_log_content_type_id_c4bce8eb_fk_django_co FOREIGN KEY (content_type_id) REFERENCES public.django_content_type(id) DEFERRABLE INITIALLY DEFERRED;


--
-- TOC entry 4978 (class 2606 OID 16745)
-- Name: django_admin_log django_admin_log_user_id_c564eba6_fk_users_user_id; Type: FK CONSTRAINT; Schema: public; Owner: postgres
--

ALTER TABLE ONLY public.django_admin_log
    ADD CONSTRAINT django_admin_log_user_id_c564eba6_fk_users_user_id FOREIGN KEY (user_id) REFERENCES public.users_user(id) DEFERRABLE INITIALLY DEFERRED;


--
-- TOC entry 4979 (class 2606 OID 16750)
-- Name: mfa_authenticator mfa_authenticator_user_id_0c3a50c0_fk_users_user_id; Type: FK CONSTRAINT; Schema: public; Owner: postgres
--

ALTER TABLE ONLY public.mfa_authenticator
    ADD CONSTRAINT mfa_authenticator_user_id_0c3a50c0_fk_users_user_id FOREIGN KEY (user_id) REFERENCES public.users_user(id) DEFERRABLE INITIALLY DEFERRED;


--
-- TOC entry 4980 (class 2606 OID 16755)
-- Name: pages_lead pages_lead_product_id_985caea3_fk_pages_product_id; Type: FK CONSTRAINT; Schema: public; Owner: postgres
--

ALTER TABLE ONLY public.pages_lead
    ADD CONSTRAINT pages_lead_product_id_985caea3_fk_pages_product_id FOREIGN KEY (product_id) REFERENCES public.pages_product(id) DEFERRABLE INITIALLY DEFERRED;


--
-- TOC entry 4981 (class 2606 OID 16760)
-- Name: pages_product pages_product_category_id_5d11e074_fk_pages_category_id; Type: FK CONSTRAINT; Schema: public; Owner: postgres
--

ALTER TABLE ONLY public.pages_product
    ADD CONSTRAINT pages_product_category_id_5d11e074_fk_pages_category_id FOREIGN KEY (category_id) REFERENCES public.pages_category(id) DEFERRABLE INITIALLY DEFERRED;


--
-- TOC entry 4985 (class 2606 OID 16765)
-- Name: socialaccount_socialtoken socialaccount_social_account_id_951f210e_fk_socialacc; Type: FK CONSTRAINT; Schema: public; Owner: postgres
--

ALTER TABLE ONLY public.socialaccount_socialtoken
    ADD CONSTRAINT socialaccount_social_account_id_951f210e_fk_socialacc FOREIGN KEY (account_id) REFERENCES public.socialaccount_socialaccount(id) DEFERRABLE INITIALLY DEFERRED;


--
-- TOC entry 4986 (class 2606 OID 16770)
-- Name: socialaccount_socialtoken socialaccount_social_app_id_636a42d7_fk_socialacc; Type: FK CONSTRAINT; Schema: public; Owner: postgres
--

ALTER TABLE ONLY public.socialaccount_socialtoken
    ADD CONSTRAINT socialaccount_social_app_id_636a42d7_fk_socialacc FOREIGN KEY (app_id) REFERENCES public.socialaccount_socialapp(id) DEFERRABLE INITIALLY DEFERRED;


--
-- TOC entry 4983 (class 2606 OID 16775)
-- Name: socialaccount_socialapp_sites socialaccount_social_site_id_2579dee5_fk_django_si; Type: FK CONSTRAINT; Schema: public; Owner: postgres
--

ALTER TABLE ONLY public.socialaccount_socialapp_sites
    ADD CONSTRAINT socialaccount_social_site_id_2579dee5_fk_django_si FOREIGN KEY (site_id) REFERENCES public.django_site(id) DEFERRABLE INITIALLY DEFERRED;


--
-- TOC entry 4984 (class 2606 OID 16780)
-- Name: socialaccount_socialapp_sites socialaccount_social_socialapp_id_97fb6e7d_fk_socialacc; Type: FK CONSTRAINT; Schema: public; Owner: postgres
--

ALTER TABLE ONLY public.socialaccount_socialapp_sites
    ADD CONSTRAINT socialaccount_social_socialapp_id_97fb6e7d_fk_socialacc FOREIGN KEY (socialapp_id) REFERENCES public.socialaccount_socialapp(id) DEFERRABLE INITIALLY DEFERRED;


--
-- TOC entry 4982 (class 2606 OID 16785)
-- Name: socialaccount_socialaccount socialaccount_socialaccount_user_id_8146e70c_fk_users_user_id; Type: FK CONSTRAINT; Schema: public; Owner: postgres
--

ALTER TABLE ONLY public.socialaccount_socialaccount
    ADD CONSTRAINT socialaccount_socialaccount_user_id_8146e70c_fk_users_user_id FOREIGN KEY (user_id) REFERENCES public.users_user(id) DEFERRABLE INITIALLY DEFERRED;


--
-- TOC entry 4987 (class 2606 OID 16790)
-- Name: users_user_groups users_user_groups_group_id_9afc8d0e_fk_auth_group_id; Type: FK CONSTRAINT; Schema: public; Owner: postgres
--

ALTER TABLE ONLY public.users_user_groups
    ADD CONSTRAINT users_user_groups_group_id_9afc8d0e_fk_auth_group_id FOREIGN KEY (group_id) REFERENCES public.auth_group(id) DEFERRABLE INITIALLY DEFERRED;


--
-- TOC entry 4988 (class 2606 OID 16795)
-- Name: users_user_groups users_user_groups_user_id_5f6f5a90_fk_users_user_id; Type: FK CONSTRAINT; Schema: public; Owner: postgres
--

ALTER TABLE ONLY public.users_user_groups
    ADD CONSTRAINT users_user_groups_user_id_5f6f5a90_fk_users_user_id FOREIGN KEY (user_id) REFERENCES public.users_user(id) DEFERRABLE INITIALLY DEFERRED;


--
-- TOC entry 4989 (class 2606 OID 16800)
-- Name: users_user_user_permissions users_user_user_perm_permission_id_0b93982e_fk_auth_perm; Type: FK CONSTRAINT; Schema: public; Owner: postgres
--

ALTER TABLE ONLY public.users_user_user_permissions
    ADD CONSTRAINT users_user_user_perm_permission_id_0b93982e_fk_auth_perm FOREIGN KEY (permission_id) REFERENCES public.auth_permission(id) DEFERRABLE INITIALLY DEFERRED;


--
-- TOC entry 4990 (class 2606 OID 16805)
-- Name: users_user_user_permissions users_user_user_permissions_user_id_20aca447_fk_users_user_id; Type: FK CONSTRAINT; Schema: public; Owner: postgres
--

ALTER TABLE ONLY public.users_user_user_permissions
    ADD CONSTRAINT users_user_user_permissions_user_id_20aca447_fk_users_user_id FOREIGN KEY (user_id) REFERENCES public.users_user(id) DEFERRABLE INITIALLY DEFERRED;


-- Completed on 2025-11-06 22:57:32

--
-- PostgreSQL database dump complete
--

\unrestrict qCSPd5OwELnfQ9CnxhmhlheBnPso7NESjAvS3p19a9hLwEjZ9sp1Vu5bhsUdmP7

